rsID	POS	der_freq	logLR	-log10(p)	Epoch1_start	Epoch1_end	SelectionMLE1	95%_lower	95%_upper
rs55809728	135842606	0.0909	3.5508	2.11	0	536	0.09981	0.05336	0.14626
rs3754686	135845706	0.6515	5.3420	2.97	0	536	0.02312	0.00405	0.04218
rs4988243	135850133	0.1263	2.0500	1.37	0	536	0.09984	-0.01286	0.21254
rs4954490	135850661	0.6515	5.5070	3.04	0	536	0.02308	0.00369	0.04247
rs4988235	135851076	0.5909	17.2338	8.36	0	536	0.09986	0.08678	0.11294
rs4954493	135852405	0.6515	5.7506	3.16	0	536	0.02420	0.00069	0.04772
rs4988226	135853028	0.6515	5.3420	2.97	0	536	0.02312	0.00405	0.04218
rs309178	135854054	0.6515	5.5244	3.05	0	536	0.02288	0.00368	0.04208
rs309179	135856210	0.6515	5.4909	3.04	0	536	0.02248	0.00139	0.04356
rs309180	135856685	0.6515	5.6266	3.10	0	536	0.02449	0.00309	0.04589
rs309181	135857243	0.6515	5.6008	3.09	0	536	0.02350	0.00676	0.04024
rs3213871	135857652	0.1768	0.3803	0.42	0	536	-0.00825	-0.02725	0.01076
rs182549	135859184	0.5909	16.5895	8.08	0	536	0.09981	0.08117	0.11845
rs309173	135859954	0.6515	5.3431	2.97	0	536	0.02431	0.00095	0.04767
rs160329	135860235	0.6212	8.1169	4.25	0	536	0.05332	0.01888	0.08777
rs309176	135864646	0.6515	5.4979	3.04	0	536	0.02254	0.00706	0.03802
rs56263017	135867349	0.1768	0.2896	0.35	0	536	-0.00758	-0.02809	0.01292
rs309811	135868032	0.6515	5.6008	3.09	0	536	0.02350	0.00676	0.04024
rs3769002	135868434	0.1768	0.3929	0.43	0	536	-0.00881	-0.02890	0.01128
rs4954513	135870810	0.1768	0.3399	0.39	0	536	-0.00795	-0.02617	0.01027
rs309128	135872341	0.6515	5.3431	2.97	0	536	0.02431	0.00095	0.04767
rs680428	135873187	0.6515	5.5244	3.05	0	536	0.02288	0.00368	0.04208
rs188680	135873419	0.6515	5.6135	3.09	0	536	0.02463	0.00477	0.04450
rs309130	135873461	0.6515	5.5239	3.05	0	536	0.02507	-0.00114	0.05128
